bank_cruise.Cya_bank;bank_cruise.al_bank;bank_cruise.M_bank
bank_cruise.Cya_fi_bank;bank_cruise.M_bank;
bank_cruise.K_cy_mz_fi_al_M;bank_cruise.al_bank;bank_cruise.M_bank
bank_cruise.K_Cy_mz_fi_fi_M;bank_cruise.fi_stab_bank;bank_cruise.M_bank
bank_cruise.Cy_dB_bank;bank_cruise.M_bank;
bank_cruise.K_cy_mz_dB_dB_M;bank_cruise.al_bank;bank_cruise.M_bank
bank_cruise.K_cy_mz_dB_dB_fi;bank_cruise.al_bank;bank_cruise.fi_stab_bank
bank_cruise.K_cy_mz_dB_al_fi;bank_cruise.al_bank;bank_cruise.fi_stab_bank
bank_cruise.dCy_di50;bank_cruise.M_bank;
bank_cruise.K_Cy_di50_al_M;bank_cruise.al_bank;bank_cruise.M_bank
bank_cruise.k_Cy_di_di;bank_cruise.d_int_bank;
bank_cruise.K_mz_di_di;bank_cruise.d_int_bank;
bank_cruise.k_Cxa_di_di;bank_cruise.d_int_bank;
bank_cruise.K_cya_di_Ni;bank_cruise.N_int;
bank_cruise.a_K_vri1;bank_cruise.M_bank;
bank_cruise.b_K_vri2;bank_cruise.M_bank;
bank_cruise.dCya_del_al_del;bank_cruise.al_bank;bank_cruise.d_eleron_bank
bank_cruise.dCya_bet_M;bank_cruise_bok.bet_abs_bank;bank_cruise.M_bank
